Workbook

Sheet I rok - obstawienia
A1: Tydzień | B1: 16.03 - 20.03
A3: Numer Grupy | B3: Osoba 1 | C3: Osoba 2 | D3: Osoba 3 | F3: ^SPX | G3: XAUUSD | H3: 10YUSY.B | I3: EURUSD | K3: stan portfela
A4: Grupa 1 | B4: Kacper Cieślak | C4: Piotr Sarniak | F4: -25 | G4: -25 | H4: 0 | I4: -50 | K4: 100
A5: Grupa 2 | B5: Stanisław Magiera | C5: Jonasz Krynicki | D5: Adrian Czerwiecki | F5: -50 | G5: 30 | H5: 20 | I5: 0 | K5: 100
A6: Grupa 3 | B6: Dominik Skwarczek | C6: Szymon Taźbirek | D6: Marcel Skorodzień | F6: -20 | G6: -10 | H6: 45 | I6: -25 | K6: 100
A7: Grupa 4 | B7: Hubert Ciechanowski | C7: Daria Bors | D7: Filip Krotowski | F7: -35 | H7: 45 | I7: -20 | K7: 100
A8: Grupa 5 | B8: Magdalena Jamróz | C8: Magdalena Depta | D8: Małgorzata Abram | F8: -35 | G8: 35 | H8: -15 | I8: 15 | K8: 100
A9: Grupa 6 | B9: Bartłomiej Richter | C9: Krzysztof Paś | D9: Mateusz Ryska | F9: 70 | G9: 0 | H9: 0 | I9: 30 | K9: 100
A10: Grupa 7 | B10: Mateusz Śmiech | C10: Piotr Wieczorek | D10: Maks Widła | F10: -30 | G10: -30 | H10: 0 | I10: -40 | K10: 100
A11: Grupa 8 | B11: Maciej Haspel | C11: Nikodem Greń | D11: Aleksandra Araś | F11: 40 | G11: 20 | H11: 20 | I11: 20 | K11: 100
A12: Grupa 9 | B12: Patryk Ulicki | C12: Matti Saarela | D12: Mikołaj Smółka | F12: 0 | G12: 0 | H12: 20 | I12: 0 | K12: 100
A13: Grupa 10 | B13: Szymon Zabawa | C13: Dawid Żuk | D13: Janusz Trześniowski | F13: 0 | G13: -30 | H13: 40 | I13: -30 | K13: 100
A14: Grupa 11 | B14: Jakub Fronc | C14: Patryk Siejka | D14: Dominik Olwiński | F14: 25 | G14: -25 | H14: 25 | I14: -25 | K14: 100
A15: Grupa 12 | B15: Dominik Ryk | C15: Natalia Rzeszutek | F15: -60 | G15: 0 | H15: 40 | I15: 0 | K15: 100
A16: Grupa 13 | B16: Wiktor Hussakowski | C16: Antoni Bulsiewicz | D16: Jędrzej Jackowski | F16: 0 | G16: -50 | H16: 50 | I16: 0 | K16: 100
A17: Grupa 14 | B17: Tomasz Kaczorowski | C17: Jakub Czyszczon | F17: 50 | G17: 0 | H17: 0 | I17: 0 | K17: 100
A18: Grupa 15 | B18: Stefan Monetti | C18: Kateryna Yerchyk | F18: 10 | G18: 40 | H18: 50 | I18: 0 | K18: 100
A21: Tydzień | B21: 23.03 - 27.03
A23: Numer Grupy | B23: Osoba 1 | C23: Osoba 2 | D23: Osoba 3 | F23: ^SPX | G23: XAUUSD | H23: 10YUSY.B | I23: EURUSD | K23: stan portfela
A24: Grupa 1 | B24: Kacper Cieślak | C24: Piotr Sarniak | F24: 52.65 | G24: 50 | H24: 0 | I24: 0 | K24: 102.6505
A25: Grupa 2 | B25: Stanisław Magiera | C25: Jonasz Krynicki | D25: Adrian Czerwiecki | F25: -40 | G25: 20 | H25: 20 | I25: -18.66 | K25: 98.660416
A26: Grupa 3 | B26: Dominik Skwarczek | C26: Szymon Taźbirek | D26: Marcel Skorodzień | F26: -20 | G26: 0 | H26: 52.54 | I26: -30 | K26: 102.53789
A27: Grupa 4 | B27: Hubert Ciechanowski | C27: Daria Bors | D27: Filip Krotowski | F27: -50 | G27: -20 | H27: 30 | I27: 0 | K27: 101.92059
A28: Grupa 5 | B28: Magdalena Jamróz | C28: Magdalena Depta | D28: Małgorzata Abram | F28: -20 | G28: -50 | H28: 26.94 | K28: 96.938881
A29: Grupa 6 | B29: Bartłomiej Richter | C29: Krzysztof Paś | D29: Mateusz Ryska | F29: 32.87 | G29: 0 | H29: 32.87 | I29: -32.87 | K29: 98.611109
A30: Grupa 7 | B30: Mateusz Śmiech | C30: Piotr Wieczorek | D30: Maks Widła | F30: 45 | G30: -35 | H30: 0 | I30: 0 | K30: 103.42855
A31: Grupa 8 | B31: Maciej Haspel | C31: Nikodem Greń | D31: Aleksandra Araś | F31: -50 | G31: -27.7 | H31: 0 | I31: 20 | K31: 97.701065
A32: Grupa 9 | B32: Patryk Ulicki | C32: Matti Saarela | D32: Mikołaj Smółka | F32: 50 | G32: 0 | H32: 0 | I32: 0 | K32: 100.5725
A33: Grupa 10 | B33: Szymon Zabawa | C33: Dawid Żuk | D33: Janusz Trześniowski | F33: -33.78 | G33: -7.8 | H33: 31.18 | I33: -31.18 | K33: 103.94289
A34: Grupa 11 | B34: Jakub Fronc | C34: Patryk Siejka | D34: Dominik Olwiński | F34: -50 | G34: -52.42 | H34: 0 | I34: 0 | K34: 102.41834
A35: Grupa 12 | B35: Dominik Ryk | C35: Natalia Rzeszutek | F35: 0 | G35: 57.65 | H35: 0 | I35: -45 | K35: 102.65427
A36: Grupa 13 | B36: Wiktor Hussakowski | C36: Antoni Bulsiewicz | D36: Jędrzej Jackowski | F36: 106.71 | G36: 0 | H36: 0 | I36: 0 | K36: 106.71426
A37: Grupa 14 | B37: Tomasz Kaczorowski | C37: Jakub Czyszczon | F37: 90 | G37: 0 | H37: 0 | I37: 0 | K37: 98.742278
A38: Grupa 15 | B38: Stefan Monetti | C38: Kateryna Yerchyk | K38: 96.953299

Sheet II rok - obstawienia
A1: Tydzień | B1: 16.03 - 20.03
A3: Numer Grupy | B3: Osoba 1 | C3: Osoba 2 | D3: Osoba 3 | F3: ^SPX | G3: XAUUSD | H3: 10YUSY.B | I3: EURUSD | K3: stan portfela
A4: Grupa A | B4: Glib Radchenko | C4: Oliwer Mamak | D4: Piotr Mycek | F4: -30 | G4: 70 | H4: 0 | I4: 0 | K4: 100
A5: Grupa B | B5: Jakub Jakóbczyk | C5: Michał Klim | D5: Patryk Kubisiak | F5: 50 | G5: 0 | H5: 0 | I5: -50 | K5: 100
A6: Grupa C | B6: Adrian Pikulski | C6: Mikołaj Stąsiek | D6: Jakub Noga | F6: -30 | G6: -40 | H6: 0 | I6: -30 | K6: 100
A7: Grupa D | B7: Krzysztof Warych | C7: Dominika Różalska | D7: Bartłomiej Rzekęć | F7: 40 | G7: 60 | H7: 0 | I7: 0 | K7: 100
A8: Grupa E | B8: Alicja Lechowicz | C8: Patrycja Mach | D8: Leon Bugaj | F8: -70 | G8: 30 | H8: 0 | I8: 0 | K8: 100
A9: Grupa F | B9: Jakub Wiącek | C9: Bartłomiej Karwacki | D9: Filip Grygierczyk | F9: -40 | G9: -25 | H9: 25 | I9: -10 | K9: 100
A10: Grupa G | B10: Angela Chiocchi | C10: Małgorzata Guzik | D10: Łukasz Janiewicz | F10: -50 | G10: -50 | H10: 0 | I10: 0 | K10: 100
A11: Grupa H | B11: Karina Kozik | C11: Jakub Burek | F11: 70 | G11: 15 | H11: 0 | I11: 0 | K11: 100
A12: Grupa I | B12: Maja Płonka | C12: Julia Majdak | D12: Igor Sikora | F12: -50 | G12: 50 | H12: 0 | I12: 0 | K12: 100
A13: Grupa J | B13: Szymon Skierkowski | C13: Filip Schindler | D13: Konrad Jarosz | F13: -70 | G13: 30 | H13: 0 | I13: 0 | K13: 100
A14: Grupa K | B14: Ewelina Lisak | C14: Martyna Pinda | D14: Bartłomiej Zwierzchowski | F14: -50 | G14: -50 | H14: 0 | I14: 0 | K14: 100
A15: Grupa L | B15: Szymon Dzwonnik | C15: Kamil Dziekan | D15: Michał Bartos | F15: -50 | G15: -50 | H15: 0 | I15: 0 | K15: 100
A16: Grupa M | B16: Urszula Jemioło | C16: Natalia Obara | D16: Weronika Lewoń | F16: -40 | G16: -40 | H16: 0 | I16: 0 | K16: 100
A17: Grupa N | B17: Błażej Niewiarowski | C17: Natalia Rogowska | F17: 100 | G17: 0 | H17: 0 | I17: 0 | K17: 100
A20: Tydzień | B20: 23.03 - 27.03
A21: Numer Grupy | B21: Osoba 1 | C21: Osoba 2 | D21: Osoba 3 | F21: ^SPX | G21: XAUUSD | H21: 10YUSY.B | I21: EURUSD | K21: stan portfela
A22: Grupa A | B22: Glib Radchenko | C22: Oliwer Mamak | D22: Piotr Mycek | F22: -30 | G22: 0 | H22: 15 | I22: -15 | K22: 93.358417
A23: Grupa B | B23: Jakub Jakóbczyk | C23: Michał Klim | D23: Patryk Kubisiak | F23: -49.06 | G23: -49.06 | H23: 0 | I23: 0 | K23: 98.122413
A24: Grupa C | B24: Adrian Pikulski | C24: Mikołaj Stąsiek | D24: Jakub Noga | F24: -52.3 | G24: 0 | H24: 0 | I24: 52.3 | K24: 104.60912
A25: Grupa D | B25: Krzysztof Warych | C25: Dominika Różalska | D25: Bartłomiej Rzekęć | F25: -46.65 | G25: 46 | H25: 0 | I25: 0 | K25: 92.654209
A26: Grupa E | B26: Alicja Lechowicz | C26: Patrycja Mach | D26: Leon Bugaj | F26: -70 | G26: 0 | H26: 0 | I26: -20 | K26: 98.591003
A27: Grupa F | B27: Jakub Wiącek | C27: Bartłomiej Karwacki | D27: Filip Grygierczyk | F27: -20 | G27: -20 | H27: 50 | I27: 10 | K27: 104.23934
A28: Grupa G | B28: Angela Chiocchi | C28: Małgorzata Guzik | D28: Łukasz Janiewicz | F28: -50 | G28: -50 | H28: 0 | I28: 0 | K28: 106.54073
A29: Grupa H | B29: Karina Kozik | C29: Jakub Burek | F29: 96.65 | G29: 0 | H29: 0 | I29: 0 | K29: 96.654286
A30: Grupa I | B30: Maja Płonka | C30: Julia Majdak | D30: Igor Sikora | F30: 0 | G30: 95.97 | H30: 0 | I30: 0 | K30: 95.97471
A31: Grupa J | B31: Szymon Skierkowski | C31: Filip Schindler | D31: Konrad Jarosz | F31: 58.59 | G31: 40 | H31: 0 | I31: 0 | K31: 98.591003
A32: Grupa K | B32: Ewelina Lisak | C32: Martyna Pinda | D32: Bartłomiej Zwierzchowski | F32: -40 | G32: -60 | H32: 0 | I32: 6.54 | K32: 106.54073
A33: Grupa L | B33: Szymon Dzwonnik | C33: Kamil Dziekan | D33: Michał Bartos | F33: 0 | G33: -20 | H33: 0 | I33: 0 | K33: 106.54073
A34: Grupa M | B34: Urszula Jemioło | C34: Natalia Obara | D34: Weronika Lewoń | F34: -50 | G34: -50 | H34: 0 | I34: 0 | K34: 105.23259
A35: Grupa N | B35: Błażej Niewiarowski | C35: Natalia Rogowska | F35: 97.48 | G35: 0 | H35: 0 | I35: 0 | K35: 97.484557

Sheet Ceny otwarcia i zamknięcia
A1: Ceny otwarcia i zamknięcia na podstawie danych z platformy Stooq
A3: 16.03 - 20.03
B4: cena otwarcia | C4: cena zamknięcia | D4: zmiana procentowa
A5: ^SPX | B5: 6674.37 | C5: 6506.48 | D5: =C5/B5-1 -> -0.025154434
A6: XAUUSD | B6: 5024.88 | C6: 4493.95 | D6: =C6/B6-1 -> -0.10566023
A7: 10YUSY.B | B7: 4.262 | C7: 4.384 | D7: =C7/B7-1 -> 0.028625059
A8: EURUSD | B8: 1.14299 | C8: 1.15716 | D8: =C8/B8-1 -> 0.012397309
A11: 23.03 - 27.03
B12: cena otwarcia | C12: cena zamknięcia | D12: zmiana procentowa
A13: ^SPX | B13: 6574.96 | C13: 6368.85 | D13: =C13/B13-1 -> -0.031347719
A14: XAUUSD | B14: 4498.43 | C14: 4494.04 | D14: =C14/B14-1 -> -0.00097589603
A15: 10YUSY.B | B15: 4.392 | C15: 4.432 | D15: =C15/B15-1 -> 0.0091074681
A16: EURUSD | B16: 1.15583 | C16: 1.15101 | D16: =C16/B16-1 -> -0.0041701634

Sheet I rok - wyniki
A1: Tydzień | B1: 16.03 - 20.03
A3: Numer Grupy | B3: Osoba 1 | C3: Osoba 2 | D3: Osoba 3 | F3: ^SPX | G3: XAUUSD | H3: 10YUSY.B | I3: EURUSD | J3: środki wolne | L3: stan portfela | M3: miejsce
A4: Grupa 1 | B4: Kacper Cieślak | C4: Piotr Sarniak | F4: =ABS('I rok - obstawienia'!F4)+'I rok - obstawienia'!F4*'Ceny otwarcia i zamknięcia'!$D$5 -> 25.628861 | G4: =ABS('I rok - obstawienia'!G4)+'I rok - obstawienia'!G4*'Ceny otwarcia i zamknięcia'!$D$6 -> 27.641506 | H4: =ABS('I rok - obstawienia'!H4)+'I rok - obstawienia'!H4*'Ceny otwarcia i zamknięcia'!$D$7 -> 0 | I4: =ABS('I rok - obstawienia'!I4)+'I rok - obstawienia'!I4*'Ceny otwarcia i zamknięcia'!$D$8 -> 49.380135 | J4: {=100-SUM(ABS('I rok - obstawienia'!F4:I4))} -> 0 | L4: =SUM(F4:J4) -> 102.6505 | M4: =RANK(L4,$L$4:$L$18,0) -> 5
A5: Grupa 2 | B5: Stanisław Magiera | C5: Jonasz Krynicki | D5: Adrian Czerwiecki | F5: =ABS('I rok - obstawienia'!F5)+'I rok - obstawienia'!F5*'Ceny otwarcia i zamknięcia'!$D$5 -> 51.257722 | G5: =ABS('I rok - obstawienia'!G5)+'I rok - obstawienia'!G5*'Ceny otwarcia i zamknięcia'!$D$6 -> 26.830193 | H5: =ABS('I rok - obstawienia'!H5)+'I rok - obstawienia'!H5*'Ceny otwarcia i zamknięcia'!$D$7 -> 20.572501 | I5: =ABS('I rok - obstawienia'!I5)+'I rok - obstawienia'!I5*'Ceny otwarcia i zamknięcia'!$D$8 -> 0 | J5: {=100-SUM(ABS('I rok - obstawienia'!F5:I5))} -> 0 | L5: =SUM(F5:J5) -> 98.660416 | M5: =RANK(L5,$L$4:$L$18,0) -> 11
A6: Grupa 3 | B6: Dominik Skwarczek | C6: Szymon Taźbirek | D6: Marcel Skorodzień | F6: =ABS('I rok - obstawienia'!F6)+'I rok - obstawienia'!F6*'Ceny otwarcia i zamknięcia'!$D$5 -> 20.503089 | G6: =ABS('I rok - obstawienia'!G6)+'I rok - obstawienia'!G6*'Ceny otwarcia i zamknięcia'!$D$6 -> 11.056602 | H6: =ABS('I rok - obstawienia'!H6)+'I rok - obstawienia'!H6*'Ceny otwarcia i zamknięcia'!$D$7 -> 46.288128 | I6: =ABS('I rok - obstawienia'!I6)+'I rok - obstawienia'!I6*'Ceny otwarcia i zamknięcia'!$D$8 -> 24.690067 | J6: {=100-SUM(ABS('I rok - obstawienia'!F6:I6))} -> 0 | L6: =SUM(F6:J6) -> 102.53789 | M6: =RANK(L6,$L$4:$L$18,0) -> 6
A7: Grupa 4 | B7: Hubert Ciechanowski | C7: Daria Bors | D7: Filip Krotowski | F7: =ABS('I rok - obstawienia'!F7)+'I rok - obstawienia'!F7*'Ceny otwarcia i zamknięcia'!$D$5 -> 35.880405 | G7: =ABS('I rok - obstawienia'!G7)+'I rok - obstawienia'!G7*'Ceny otwarcia i zamknięcia'!$D$6 -> 0 | H7: =ABS('I rok - obstawienia'!H7)+'I rok - obstawienia'!H7*'Ceny otwarcia i zamknięcia'!$D$7 -> 46.288128 | I7: =ABS('I rok - obstawienia'!I7)+'I rok - obstawienia'!I7*'Ceny otwarcia i zamknięcia'!$D$8 -> 19.752054 | J7: {=100-SUM(ABS('I rok - obstawienia'!F7:I7))} -> 0 | L7: =SUM(F7:J7) -> 101.92059 | M7: =RANK(L7,$L$4:$L$18,0) -> 8
A8: Grupa 5 | B8: Magdalena Jamróz | C8: Magdalena Depta | D8: Małgorzata Abram | F8: =ABS('I rok - obstawienia'!F8)+'I rok - obstawienia'!F8*'Ceny otwarcia i zamknięcia'!$D$5 -> 35.880405 | G8: =ABS('I rok - obstawienia'!G8)+'I rok - obstawienia'!G8*'Ceny otwarcia i zamknięcia'!$D$6 -> 31.301892 | H8: =ABS('I rok - obstawienia'!H8)+'I rok - obstawienia'!H8*'Ceny otwarcia i zamknięcia'!$D$7 -> 14.570624 | I8: =ABS('I rok - obstawienia'!I8)+'I rok - obstawienia'!I8*'Ceny otwarcia i zamknięcia'!$D$8 -> 15.18596 | J8: {=100-SUM(ABS('I rok - obstawienia'!F8:I8))} -> 0 | L8: =SUM(F8:J8) -> 96.938881 | M8: =RANK(L8,$L$4:$L$18,0) -> 15
A9: Grupa 6 | B9: Bartłomiej Richter | C9: Krzysztof Paś | D9: Mateusz Ryska | F9: =ABS('I rok - obstawienia'!F9)+'I rok - obstawienia'!F9*'Ceny otwarcia i zamknięcia'!$D$5 -> 68.23919 | G9: =ABS('I rok - obstawienia'!G9)+'I rok - obstawienia'!G9*'Ceny otwarcia i zamknięcia'!$D$6 -> 0 | H9: =ABS('I rok - obstawienia'!H9)+'I rok - obstawienia'!H9*'Ceny otwarcia i zamknięcia'!$D$7 -> 0 | I9: =ABS('I rok - obstawienia'!I9)+'I rok - obstawienia'!I9*'Ceny otwarcia i zamknięcia'!$D$8 -> 30.371919 | J9: {=100-SUM(ABS('I rok - obstawienia'!F9:I9))} -> 0 | L9: =SUM(F9:J9) -> 98.611109 | M9: =RANK(L9,$L$4:$L$18,0) -> 12
A10: Grupa 7 | B10: Mateusz Śmiech | C10: Piotr Wieczorek | D10: Maks Widła | F10: =ABS('I rok - obstawienia'!F10)+'I rok - obstawienia'!F10*'Ceny otwarcia i zamknięcia'!$D$5 -> 30.754633 | G10: =ABS('I rok - obstawienia'!G10)+'I rok - obstawienia'!G10*'Ceny otwarcia i zamknięcia'!$D$6 -> 33.169807 | H10: =ABS('I rok - obstawienia'!H10)+'I rok - obstawienia'!H10*'Ceny otwarcia i zamknięcia'!$D$7 -> 0 | I10: =ABS('I rok - obstawienia'!I10)+'I rok - obstawienia'!I10*'Ceny otwarcia i zamknięcia'!$D$8 -> 39.504108 | J10: {=100-SUM(ABS('I rok - obstawienia'!F10:I10))} -> 0 | L10: =SUM(F10:J10) -> 103.42855 | M10: =RANK(L10,$L$4:$L$18,0) -> 3
A11: Grupa 8 | B11: Maciej Haspel | C11: Nikodem Greń | D11: Aleksandra Araś | F11: =ABS('I rok - obstawienia'!F11)+'I rok - obstawienia'!F11*'Ceny otwarcia i zamknięcia'!$D$5 -> 38.993823 | G11: =ABS('I rok - obstawienia'!G11)+'I rok - obstawienia'!G11*'Ceny otwarcia i zamknięcia'!$D$6 -> 17.886795 | H11: =ABS('I rok - obstawienia'!H11)+'I rok - obstawienia'!H11*'Ceny otwarcia i zamknięcia'!$D$7 -> 20.572501 | I11: =ABS('I rok - obstawienia'!I11)+'I rok - obstawienia'!I11*'Ceny otwarcia i zamknięcia'!$D$8 -> 20.247946 | J11: {=100-SUM(ABS('I rok - obstawienia'!F11:I11))} -> 0 | L11: =SUM(F11:J11) -> 97.701065 | M11: =RANK(L11,$L$4:$L$18,0) -> 13
A12: Grupa 9 | B12: Patryk Ulicki | C12: Matti Saarela | D12: Mikołaj Smółka | F12: =ABS('I rok - obstawienia'!F12)+'I rok - obstawienia'!F12*'Ceny otwarcia i zamknięcia'!$D$5 -> 0 | G12: =ABS('I rok - obstawienia'!G12)+'I rok - obstawienia'!G12*'Ceny otwarcia i zamknięcia'!$D$6 -> 0 | H12: =ABS('I rok - obstawienia'!H12)+'I rok - obstawienia'!H12*'Ceny otwarcia i zamknięcia'!$D$7 -> 20.572501 | I12: =ABS('I rok - obstawienia'!I12)+'I rok - obstawienia'!I12*'Ceny otwarcia i zamknięcia'!$D$8 -> 0 | J12: {=100-SUM(ABS('I rok - obstawienia'!F12:I12))} -> 80 | L12: =SUM(F12:J12) -> 100.5725 | M12: =RANK(L12,$L$4:$L$18,0) -> 9
A13: Grupa 10 | B13: Szymon Zabawa | C13: Dawid Żuk | D13: Janusz Trześniowski | F13: =ABS('I rok - obstawienia'!F13)+'I rok - obstawienia'!F13*'Ceny otwarcia i zamknięcia'!$D$5 -> 0 | G13: =ABS('I rok - obstawienia'!G13)+'I rok - obstawienia'!G13*'Ceny otwarcia i zamknięcia'!$D$6 -> 33.169807 | H13: =ABS('I rok - obstawienia'!H13)+'I rok - obstawienia'!H13*'Ceny otwarcia i zamknięcia'!$D$7 -> 41.145002 | I13: =ABS('I rok - obstawienia'!I13)+'I rok - obstawienia'!I13*'Ceny otwarcia i zamknięcia'!$D$8 -> 29.628081 | J13: {=100-SUM(ABS('I rok - obstawienia'!F13:I13))} -> 0 | L13: =SUM(F13:J13) -> 103.94289 | M13: =RANK(L13,$L$4:$L$18,0) -> 2
A14: Grupa 11 | B14: Jakub Fronc | C14: Patryk Siejka | D14: Dominik Olwiński | F14: =ABS('I rok - obstawienia'!F14)+'I rok - obstawienia'!F14*'Ceny otwarcia i zamknięcia'!$D$5 -> 24.371139 | G14: =ABS('I rok - obstawienia'!G14)+'I rok - obstawienia'!G14*'Ceny otwarcia i zamknięcia'!$D$6 -> 27.641506 | H14: =ABS('I rok - obstawienia'!H14)+'I rok - obstawienia'!H14*'Ceny otwarcia i zamknięcia'!$D$7 -> 25.715626 | I14: =ABS('I rok - obstawienia'!I14)+'I rok - obstawienia'!I14*'Ceny otwarcia i zamknięcia'!$D$8 -> 24.690067 | J14: {=100-SUM(ABS('I rok - obstawienia'!F14:I14))} -> 0 | L14: =SUM(F14:J14) -> 102.41834 | M14: =RANK(L14,$L$4:$L$18,0) -> 7
A15: Grupa 12 | B15: Dominik Ryk | C15: Natalia Rzeszutek | F15: =ABS('I rok - obstawienia'!F15)+'I rok - obstawienia'!F15*'Ceny otwarcia i zamknięcia'!$D$5 -> 61.509266 | G15: =ABS('I rok - obstawienia'!G15)+'I rok - obstawienia'!G15*'Ceny otwarcia i zamknięcia'!$D$6 -> 0 | H15: =ABS('I rok - obstawienia'!H15)+'I rok - obstawienia'!H15*'Ceny otwarcia i zamknięcia'!$D$7 -> 41.145002 | I15: =ABS('I rok - obstawienia'!I15)+'I rok - obstawienia'!I15*'Ceny otwarcia i zamknięcia'!$D$8 -> 0 | J15: {=100-SUM(ABS('I rok - obstawienia'!F15:I15))} -> 0 | L15: =SUM(F15:J15) -> 102.65427 | M15: =RANK(L15,$L$4:$L$18,0) -> 4
A16: Grupa 13 | B16: Wiktor Hussakowski | C16: Antoni Bulsiewicz | D16: Jędrzej Jackowski | F16: =ABS('I rok - obstawienia'!F16)+'I rok - obstawienia'!F16*'Ceny otwarcia i zamknięcia'!$D$5 -> 0 | G16: =ABS('I rok - obstawienia'!G16)+'I rok - obstawienia'!G16*'Ceny otwarcia i zamknięcia'!$D$6 -> 55.283012 | H16: =ABS('I rok - obstawienia'!H16)+'I rok - obstawienia'!H16*'Ceny otwarcia i zamknięcia'!$D$7 -> 51.431253 | I16: =ABS('I rok - obstawienia'!I16)+'I rok - obstawienia'!I16*'Ceny otwarcia i zamknięcia'!$D$8 -> 0 | J16: {=100-SUM(ABS('I rok - obstawienia'!F16:I16))} -> 0 | L16: =SUM(F16:J16) -> 106.71426 | M16: =RANK(L16,$L$4:$L$18,0) -> 1
A17: Grupa 14 | B17: Tomasz Kaczorowski | C17: Jakub Czyszczon | F17: =ABS('I rok - obstawienia'!F17)+'I rok - obstawienia'!F17*'Ceny otwarcia i zamknięcia'!$D$5 -> 48.742278 | G17: =ABS('I rok - obstawienia'!G17)+'I rok - obstawienia'!G17*'Ceny otwarcia i zamknięcia'!$D$6 -> 0 | H17: =ABS('I rok - obstawienia'!H17)+'I rok - obstawienia'!H17*'Ceny otwarcia i zamknięcia'!$D$7 -> 0 | I17: =ABS('I rok - obstawienia'!I17)+'I rok - obstawienia'!I17*'Ceny otwarcia i zamknięcia'!$D$8 -> 0 | J17: {=100-SUM(ABS('I rok - obstawienia'!F17:I17))} -> 50 | L17: =SUM(F17:J17) -> 98.742278 | M17: =RANK(L17,$L$4:$L$18,0) -> 10
A18: Grupa 15 | B18: Stefan Monetti | C18: Kateryna Yerchyk | F18: =ABS('I rok - obstawienia'!F18)+'I rok - obstawienia'!F18*'Ceny otwarcia i zamknięcia'!$D$5 -> 9.7484557 | G18: =ABS('I rok - obstawienia'!G18)+'I rok - obstawienia'!G18*'Ceny otwarcia i zamknięcia'!$D$6 -> 35.773591 | H18: =ABS('I rok - obstawienia'!H18)+'I rok - obstawienia'!H18*'Ceny otwarcia i zamknięcia'!$D$7 -> 51.431253 | I18: =ABS('I rok - obstawienia'!I18)+'I rok - obstawienia'!I18*'Ceny otwarcia i zamknięcia'!$D$8 -> 0 | J18: {=100-SUM(ABS('I rok - obstawienia'!F18:I18))} -> 0 | L18: =SUM(F18:J18) -> 96.953299 | M18: =RANK(L18,$L$4:$L$18,0) -> 14
A21: Tydzień | B21: 23.03 - 27.03
A22: Numer Grupy | B22: Osoba 1 | C22: Osoba 2 | D22: Osoba 3 | F22: ^SPX | G22: XAUUSD | H22: 10YUSY.B | I22: EURUSD | J22: środki wolne | L22: stan portfela | M22: miejsce
A23: Grupa 1 | B23: Kacper Cieślak | C23: Piotr Sarniak | F23: =ABS('I rok - obstawienia'!F24)+'I rok - obstawienia'!F24*'Ceny otwarcia i zamknięcia'!$D$13 -> 50.999543 | G23: =ABS('I rok - obstawienia'!G24)+'I rok - obstawienia'!G24*'Ceny otwarcia i zamknięcia'!$D$14 -> 49.951205 | H23: =ABS('I rok - obstawienia'!H24)+'I rok - obstawienia'!H24*'Ceny otwarcia i zamknięcia'!$D$15 -> 0 | I23: =ABS('I rok - obstawienia'!I24)+'I rok - obstawienia'!I24*'Ceny otwarcia i zamknięcia'!$D$16 -> 0 | J23: {=L4-SUM(ABS('I rok - obstawienia'!F24:I24))} -> 0.00050127745 | L23: =SUM(F23:J23) -> 100.95125 | M23: =RANK(L23,$L$23:$L$37,0) -> 8
A24: Grupa 2 | B24: Stanisław Magiera | C24: Jonasz Krynicki | D24: Adrian Czerwiecki | F24: =ABS('I rok - obstawienia'!F25)+'I rok - obstawienia'!F25*'Ceny otwarcia i zamknięcia'!$D$13 -> 41.253909 | G24: =ABS('I rok - obstawienia'!G25)+'I rok - obstawienia'!G25*'Ceny otwarcia i zamknięcia'!$D$14 -> 19.980482 | H24: =ABS('I rok - obstawienia'!H25)+'I rok - obstawienia'!H25*'Ceny otwarcia i zamknięcia'!$D$15 -> 20.182149 | I24: =ABS('I rok - obstawienia'!I25)+'I rok - obstawienia'!I25*'Ceny otwarcia i zamknięcia'!$D$16 -> 18.737815 | J24: {=L5-SUM(ABS('I rok - obstawienia'!F25:I25))} -> 0.00041583556 | L24: =SUM(F24:J24) -> 100.15477 | M24: =RANK(L24,$L$23:$L$37,0) -> 9
A25: Grupa 3 | B25: Dominik Skwarczek | C25: Szymon Taźbirek | D25: Marcel Skorodzień | F25: =ABS('I rok - obstawienia'!F26)+'I rok - obstawienia'!F26*'Ceny otwarcia i zamknięcia'!$D$13 -> 20.626954 | G25: =ABS('I rok - obstawienia'!G26)+'I rok - obstawienia'!G26*'Ceny otwarcia i zamknięcia'!$D$14 -> 0 | H25: =ABS('I rok - obstawienia'!H26)+'I rok - obstawienia'!H26*'Ceny otwarcia i zamknięcia'!$D$15 -> 53.018506 | I25: =ABS('I rok - obstawienia'!I26)+'I rok - obstawienia'!I26*'Ceny otwarcia i zamknięcia'!$D$16 -> 30.125105 | J25: {=L6-SUM(ABS('I rok - obstawienia'!F26:I26))} -> -0.002114053 | L25: =SUM(F25:J25) -> 103.76845 | M25: =RANK(L25,$L$23:$L$37,0) -> 4
A26: Grupa 4 | B26: Hubert Ciechanowski | C26: Daria Bors | D26: Filip Krotowski | F26: =ABS('I rok - obstawienia'!F27)+'I rok - obstawienia'!F27*'Ceny otwarcia i zamknięcia'!$D$13 -> 51.567386 | G26: =ABS('I rok - obstawienia'!G27)+'I rok - obstawienia'!G27*'Ceny otwarcia i zamknięcia'!$D$14 -> 20.019518 | H26: =ABS('I rok - obstawienia'!H27)+'I rok - obstawienia'!H27*'Ceny otwarcia i zamknięcia'!$D$15 -> 30.273224 | I26: =ABS('I rok - obstawienia'!I27)+'I rok - obstawienia'!I27*'Ceny otwarcia i zamknięcia'!$D$16 -> 0 | J26: {=L7-SUM(ABS('I rok - obstawienia'!F27:I27))} -> 1.9205867 | L26: =SUM(F26:J26) -> 103.78071 | M26: =RANK(L26,$L$23:$L$37,0) -> 3
A27: Grupa 5 | B27: Magdalena Jamróz | C27: Magdalena Depta | D27: Małgorzata Abram | F27: =ABS('I rok - obstawienia'!F28)+'I rok - obstawienia'!F28*'Ceny otwarcia i zamknięcia'!$D$13 -> 20.626954 | G27: =ABS('I rok - obstawienia'!G28)+'I rok - obstawienia'!G28*'Ceny otwarcia i zamknięcia'!$D$14 -> 50.048795 | H27: =ABS('I rok - obstawienia'!H28)+'I rok - obstawienia'!H28*'Ceny otwarcia i zamknięcia'!$D$15 -> 27.185355 | I27: =ABS('I rok - obstawienia'!I28)+'I rok - obstawienia'!I28*'Ceny otwarcia i zamknięcia'!$D$16 -> 0 | J27: {=L8-SUM(ABS('I rok - obstawienia'!F28:I28))} -> -0.0011192694 | L27: =SUM(F27:J27) -> 97.859985 | M27: =RANK(L27,$L$23:$L$37,0) -> 13
A28: Grupa 6 | B28: Bartłomiej Richter | C28: Krzysztof Paś | D28: Mateusz Ryska | F28: =ABS('I rok - obstawienia'!F29)+'I rok - obstawienia'!F29*'Ceny otwarcia i zamknięcia'!$D$13 -> 31.8396 | G28: =ABS('I rok - obstawienia'!G29)+'I rok - obstawienia'!G29*'Ceny otwarcia i zamknięcia'!$D$14 -> 0 | H28: =ABS('I rok - obstawienia'!H29)+'I rok - obstawienia'!H29*'Ceny otwarcia i zamknięcia'!$D$15 -> 33.169362 | I28: =ABS('I rok - obstawienia'!I29)+'I rok - obstawienia'!I29*'Ceny otwarcia i zamknięcia'!$D$16 -> 33.007073 | J28: {=L9-SUM(ABS('I rok - obstawienia'!F29:I29))} -> 0.0011088808 | L28: =SUM(F28:J28) -> 98.017145 | M28: =RANK(L28,$L$23:$L$37,0) -> 12
A29: Grupa 7 | B29: Mateusz Śmiech | C29: Piotr Wieczorek | D29: Maks Widła | F29: =ABS('I rok - obstawienia'!F30)+'I rok - obstawienia'!F30*'Ceny otwarcia i zamknięcia'!$D$13 -> 43.589353 | G29: =ABS('I rok - obstawienia'!G30)+'I rok - obstawienia'!G30*'Ceny otwarcia i zamknięcia'!$D$14 -> 35.034156 | H29: =ABS('I rok - obstawienia'!H30)+'I rok - obstawienia'!H30*'Ceny otwarcia i zamknięcia'!$D$15 -> 0 | I29: =ABS('I rok - obstawienia'!I30)+'I rok - obstawienia'!I30*'Ceny otwarcia i zamknięcia'!$D$16 -> 0 | J29: {=L10-SUM(ABS('I rok - obstawienia'!F30:I30))} -> 23.428548 | L29: =SUM(F29:J29) -> 102.05206 | M29: =RANK(L29,$L$23:$L$37,0) -> 7
A30: Grupa 8 | B30: Maciej Haspel | C30: Nikodem Greń | D30: Aleksandra Araś | F30: =ABS('I rok - obstawienia'!F31)+'I rok - obstawienia'!F31*'Ceny otwarcia i zamknięcia'!$D$13 -> 51.567386 | G30: =ABS('I rok - obstawienia'!G31)+'I rok - obstawienia'!G31*'Ceny otwarcia i zamknięcia'!$D$14 -> 27.727032 | H30: =ABS('I rok - obstawienia'!H31)+'I rok - obstawienia'!H31*'Ceny otwarcia i zamknięcia'!$D$15 -> 0 | I30: =ABS('I rok - obstawienia'!I31)+'I rok - obstawienia'!I31*'Ceny otwarcia i zamknięcia'!$D$16 -> 19.916597 | J30: {=L11-SUM(ABS('I rok - obstawienia'!F31:I31))} -> 0.0010652939 | L30: =SUM(F30:J30) -> 99.21208 | M30: =RANK(L30,$L$23:$L$37,0) -> 10
A31: Grupa 9 | B31: Patryk Ulicki | C31: Matti Saarela | D31: Mikołaj Smółka | F31: =ABS('I rok - obstawienia'!F32)+'I rok - obstawienia'!F32*'Ceny otwarcia i zamknięcia'!$D$13 -> 48.432614 | G31: =ABS('I rok - obstawienia'!G32)+'I rok - obstawienia'!G32*'Ceny otwarcia i zamknięcia'!$D$14 -> 0 | H31: =ABS('I rok - obstawienia'!H32)+'I rok - obstawienia'!H32*'Ceny otwarcia i zamknięcia'!$D$15 -> 0 | I31: =ABS('I rok - obstawienia'!I32)+'I rok - obstawienia'!I32*'Ceny otwarcia i zamknięcia'!$D$16 -> 0 | J31: {=L12-SUM(ABS('I rok - obstawienia'!F32:I32))} -> 50.572501 | L31: =SUM(F31:J31) -> 99.005115 | M31: =RANK(L31,$L$23:$L$37,0) -> 11
A32: Grupa 10 | B32: Szymon Zabawa | C32: Dawid Żuk | D32: Janusz Trześniowski | F32: =ABS('I rok - obstawienia'!F33)+'I rok - obstawienia'!F33*'Ceny otwarcia i zamknięcia'!$D$13 -> 34.838926 | G32: =ABS('I rok - obstawienia'!G33)+'I rok - obstawienia'!G33*'Ceny otwarcia i zamknięcia'!$D$14 -> 7.807612 | H32: =ABS('I rok - obstawienia'!H33)+'I rok - obstawienia'!H33*'Ceny otwarcia i zamknięcia'!$D$15 -> 31.463971 | I32: =ABS('I rok - obstawienia'!I33)+'I rok - obstawienia'!I33*'Ceny otwarcia i zamknięcia'!$D$16 -> 31.310026 | J32: {=L13-SUM(ABS('I rok - obstawienia'!F33:I33))} -> 0.0028901221 | L32: =SUM(F32:J32) -> 105.42342 | M32: =RANK(L32,$L$23:$L$37,0) -> 1
A33: Grupa 11 | B33: Jakub Fronc | C33: Patryk Siejka | D33: Dominik Olwiński | F33: =ABS('I rok - obstawienia'!F34)+'I rok - obstawienia'!F34*'Ceny otwarcia i zamknięcia'!$D$13 -> 51.567386 | G33: =ABS('I rok - obstawienia'!G34)+'I rok - obstawienia'!G34*'Ceny otwarcia i zamknięcia'!$D$14 -> 52.471156 | H33: =ABS('I rok - obstawienia'!H34)+'I rok - obstawienia'!H34*'Ceny otwarcia i zamknięcia'!$D$15 -> 0 | I33: =ABS('I rok - obstawienia'!I34)+'I rok - obstawienia'!I34*'Ceny otwarcia i zamknięcia'!$D$16 -> 0 | J33: {=L14-SUM(ABS('I rok - obstawienia'!F34:I34))} -> -0.0016612384 | L33: =SUM(F33:J33) -> 104.03688 | M33: =RANK(L33,$L$23:$L$37,0) -> 2
A34: Grupa 12 | B34: Dominik Ryk | C34: Natalia Rzeszutek | F34: =ABS('I rok - obstawienia'!F35)+'I rok - obstawienia'!F35*'Ceny otwarcia i zamknięcia'!$D$13 -> 0 | G34: =ABS('I rok - obstawienia'!G35)+'I rok - obstawienia'!G35*'Ceny otwarcia i zamknięcia'!$D$14 -> 57.59374 | H34: =ABS('I rok - obstawienia'!H35)+'I rok - obstawienia'!H35*'Ceny otwarcia i zamknięcia'!$D$15 -> 0 | I34: =ABS('I rok - obstawienia'!I35)+'I rok - obstawienia'!I35*'Ceny otwarcia i zamknięcia'!$D$16 -> 45.187657 | J34: {=L15-SUM(ABS('I rok - obstawienia'!F35:I35))} -> 0.0042683894 | L34: =SUM(F34:J34) -> 102.78567 | M34: =RANK(L34,$L$23:$L$37,0) -> 6
A35: Grupa 13 | B35: Wiktor Hussakowski | C35: Antoni Bulsiewicz | D35: Jędrzej Jackowski | F35: =ABS('I rok - obstawienia'!F36)+'I rok - obstawienia'!F36*'Ceny otwarcia i zamknięcia'!$D$13 -> 103.36488 | G35: =ABS('I rok - obstawienia'!G36)+'I rok - obstawienia'!G36*'Ceny otwarcia i zamknięcia'!$D$14 -> 0 | H35: =ABS('I rok - obstawienia'!H36)+'I rok - obstawienia'!H36*'Ceny otwarcia i zamknięcia'!$D$15 -> 0 | I35: =ABS('I rok - obstawienia'!I36)+'I rok - obstawienia'!I36*'Ceny otwarcia i zamknięcia'!$D$16 -> 0 | J35: {=L16-SUM(ABS('I rok - obstawienia'!F36:I36))} -> 0.0042646665 | L35: =SUM(F35:J35) -> 103.36915 | M35: =RANK(L35,$L$23:$L$37,0) -> 5
A36: Grupa 14 | B36: Tomasz Kaczorowski | C36: Jakub Czyszczon | F36: =ABS('I rok - obstawienia'!F37)+'I rok - obstawienia'!F37*'Ceny otwarcia i zamknięcia'!$D$13 -> 87.178705 | G36: =ABS('I rok - obstawienia'!G37)+'I rok - obstawienia'!G37*'Ceny otwarcia i zamknięcia'!$D$14 -> 0 | H36: =ABS('I rok - obstawienia'!H37)+'I rok - obstawienia'!H37*'Ceny otwarcia i zamknięcia'!$D$15 -> 0 | I36: =ABS('I rok - obstawienia'!I37)+'I rok - obstawienia'!I37*'Ceny otwarcia i zamknięcia'!$D$16 -> 0 | J36: {=L17-SUM(ABS('I rok - obstawienia'!F37:I37))} -> 8.7422783 | L36: =SUM(F36:J36) -> 95.920984 | M36: =RANK(L36,$L$23:$L$37,0) -> 15
A37: Grupa 15 | B37: Stefan Monetti | C37: Kateryna Yerchyk | F37: =ABS('I rok - obstawienia'!F38)+'I rok - obstawienia'!F38*'Ceny otwarcia i zamknięcia'!$D$13 -> 0 | G37: =ABS('I rok - obstawienia'!G38)+'I rok - obstawienia'!G38*'Ceny otwarcia i zamknięcia'!$D$14 -> 0 | H37: =ABS('I rok - obstawienia'!H38)+'I rok - obstawienia'!H38*'Ceny otwarcia i zamknięcia'!$D$15 -> 0 | I37: =ABS('I rok - obstawienia'!I38)+'I rok - obstawienia'!I38*'Ceny otwarcia i zamknięcia'!$D$16 -> 0 | J37: {=L18-SUM(ABS('I rok - obstawienia'!F38:I38))} -> 96.953299 | L37: =SUM(F37:J37) -> 96.953299 | M37: =RANK(L37,$L$23:$L$37,0) -> 14

Sheet II rok wyniki
A1: Tydzień | B1: 16.03 - 20.03
A3: Numer Grupy | B3: Osoba 1 | C3: Osoba 2 | D3: Osoba 3 | F3: ^SPX | G3: XAUUSD | H3: 10YUSY.B | I3: EURUSD | J3: wolne środki | L3: stan portfela | M3: miejsce
A4: Grupa A | B4: Glib Radchenko | C4: Oliwer Mamak | D4: Piotr Mycek | F4: =ABS('II rok - obstawienia'!F4)+'II rok - obstawienia'!F4*'Ceny otwarcia i zamknięcia'!$D$5 -> 30.754633 | G4: =ABS('II rok - obstawienia'!G4)+'II rok - obstawienia'!G4*'Ceny otwarcia i zamknięcia'!$D$6 -> 62.603784 | H4: =ABS('II rok - obstawienia'!H4)+'II rok - obstawienia'!H4*'Ceny otwarcia i zamknięcia'!$D$7 -> 0 | I4: =ABS('II rok - obstawienia'!I4)+'II rok - obstawienia'!I4*'Ceny otwarcia i zamknięcia'!$D$8 -> 0 | J4: {=100-SUM(ABS('II rok - obstawienia'!F4:I4))} -> 0 | L4: =SUM(F4:J4) -> 93.358417 | M4: =RANK(L4,$L$4:$L$17,0) -> 13
A5: Grupa B | B5: Jakub Jakóbczyk | C5: Michał Klim | D5: Patryk Kubisiak | F5: =ABS('II rok - obstawienia'!F5)+'II rok - obstawienia'!F5*'Ceny otwarcia i zamknięcia'!$D$5 -> 48.742278 | G5: =ABS('II rok - obstawienia'!G5)+'II rok - obstawienia'!G5*'Ceny otwarcia i zamknięcia'!$D$6 -> 0 | H5: =ABS('II rok - obstawienia'!H5)+'II rok - obstawienia'!H5*'Ceny otwarcia i zamknięcia'!$D$7 -> 0 | I5: =ABS('II rok - obstawienia'!I5)+'II rok - obstawienia'!I5*'Ceny otwarcia i zamknięcia'!$D$8 -> 49.380135 | J5: {=100-SUM(ABS('II rok - obstawienia'!F5:I5))} -> 0 | L5: =SUM(F5:J5) -> 98.122413 | M5: =RANK(L5,$L$4:$L$17,0) -> 9
A6: Grupa C | B6: Adrian Pikulski | C6: Mikołaj Stąsiek | D6: Jakub Noga | F6: =ABS('II rok - obstawienia'!F6)+'II rok - obstawienia'!F6*'Ceny otwarcia i zamknięcia'!$D$5 -> 30.754633 | G6: =ABS('II rok - obstawienia'!G6)+'II rok - obstawienia'!G6*'Ceny otwarcia i zamknięcia'!$D$6 -> 44.226409 | H6: =ABS('II rok - obstawienia'!H6)+'II rok - obstawienia'!H6*'Ceny otwarcia i zamknięcia'!$D$7 -> 0 | I6: =ABS('II rok - obstawienia'!I6)+'II rok - obstawienia'!I6*'Ceny otwarcia i zamknięcia'!$D$8 -> 29.628081 | J6: {=100-SUM(ABS('II rok - obstawienia'!F6:I6))} -> 0 | L6: =SUM(F6:J6) -> 104.60912 | M6: =RANK(L6,$L$4:$L$17,0) -> 5
A7: Grupa D | B7: Krzysztof Warych | C7: Dominika Różalska | D7: Bartłomiej Rzekęć | F7: =ABS('II rok - obstawienia'!F7)+'II rok - obstawienia'!F7*'Ceny otwarcia i zamknięcia'!$D$5 -> 38.993823 | G7: =ABS('II rok - obstawienia'!G7)+'II rok - obstawienia'!G7*'Ceny otwarcia i zamknięcia'!$D$6 -> 53.660386 | H7: =ABS('II rok - obstawienia'!H7)+'II rok - obstawienia'!H7*'Ceny otwarcia i zamknięcia'!$D$7 -> 0 | I7: =ABS('II rok - obstawienia'!I7)+'II rok - obstawienia'!I7*'Ceny otwarcia i zamknięcia'!$D$8 -> 0 | J7: {=100-SUM(ABS('II rok - obstawienia'!F7:I7))} -> 0 | L7: =SUM(F7:J7) -> 92.654209 | M7: =RANK(L7,$L$4:$L$17,0) -> 14
A8: Grupa E | B8: Alicja Lechowicz | C8: Patrycja Mach | D8: Leon Bugaj | F8: =ABS('II rok - obstawienia'!F8)+'II rok - obstawienia'!F8*'Ceny otwarcia i zamknięcia'!$D$5 -> 71.76081 | G8: =ABS('II rok - obstawienia'!G8)+'II rok - obstawienia'!G8*'Ceny otwarcia i zamknięcia'!$D$6 -> 26.830193 | H8: =ABS('II rok - obstawienia'!H8)+'II rok - obstawienia'!H8*'Ceny otwarcia i zamknięcia'!$D$7 -> 0 | I8: =ABS('II rok - obstawienia'!I8)+'II rok - obstawienia'!I8*'Ceny otwarcia i zamknięcia'!$D$8 -> 0 | J8: {=100-SUM(ABS('II rok - obstawienia'!F8:I8))} -> 0 | L8: =SUM(F8:J8) -> 98.591003 | M8: =RANK(L8,$L$4:$L$17,0) -> 7
A9: Grupa F | B9: Jakub Wiącek | C9: Bartłomiej Karwacki | D9: Filip Grygierczyk | F9: =ABS('II rok - obstawienia'!F9)+'II rok - obstawienia'!F9*'Ceny otwarcia i zamknięcia'!$D$5 -> 41.006177 | G9: =ABS('II rok - obstawienia'!G9)+'II rok - obstawienia'!G9*'Ceny otwarcia i zamknięcia'!$D$6 -> 27.641506 | H9: =ABS('II rok - obstawienia'!H9)+'II rok - obstawienia'!H9*'Ceny otwarcia i zamknięcia'!$D$7 -> 25.715626 | I9: =ABS('II rok - obstawienia'!I9)+'II rok - obstawienia'!I9*'Ceny otwarcia i zamknięcia'!$D$8 -> 9.8760269 | J9: {=100-SUM(ABS('II rok - obstawienia'!F9:I9))} -> 0 | L9: =SUM(F9:J9) -> 104.23934 | M9: =RANK(L9,$L$4:$L$17,0) -> 6
A10: Grupa G | B10: Angela Chiocchi | C10: Małgorzata Guzik | D10: Łukasz Janiewicz | F10: =ABS('II rok - obstawienia'!F10)+'II rok - obstawienia'!F10*'Ceny otwarcia i zamknięcia'!$D$5 -> 51.257722 | G10: =ABS('II rok - obstawienia'!G10)+'II rok - obstawienia'!G10*'Ceny otwarcia i zamknięcia'!$D$6 -> 55.283012 | H10: =ABS('II rok - obstawienia'!H10)+'II rok - obstawienia'!H10*'Ceny otwarcia i zamknięcia'!$D$7 -> 0 | I10: =ABS('II rok - obstawienia'!I10)+'II rok - obstawienia'!I10*'Ceny otwarcia i zamknięcia'!$D$8 -> 0 | J10: {=100-SUM(ABS('II rok - obstawienia'!F10:I10))} -> 0 | L10: =SUM(F10:J10) -> 106.54073 | M10: =RANK(L10,$L$4:$L$17,0) -> 1
A11: Grupa H | B11: Karina Kozik | C11: Jakub Burek | F11: =ABS('II rok - obstawienia'!F11)+'II rok - obstawienia'!F11*'Ceny otwarcia i zamknięcia'!$D$5 -> 68.23919 | G11: =ABS('II rok - obstawienia'!G11)+'II rok - obstawienia'!G11*'Ceny otwarcia i zamknięcia'!$D$6 -> 13.415096 | H11: =ABS('II rok - obstawienia'!H11)+'II rok - obstawienia'!H11*'Ceny otwarcia i zamknięcia'!$D$7 -> 0 | I11: =ABS('II rok - obstawienia'!I11)+'II rok - obstawienia'!I11*'Ceny otwarcia i zamknięcia'!$D$8 -> 0 | J11: {=100-SUM(ABS('II rok - obstawienia'!F11:I11))} -> 15 | L11: =SUM(F11:J11) -> 96.654286 | M11: =RANK(L11,$L$4:$L$17,0) -> 11
A12: Grupa I | B12: Maja Płonka | C12: Julia Majdak | D12: Igor Sikora | F12: =ABS('II rok - obstawienia'!F12)+'II rok - obstawienia'!F12*'Ceny otwarcia i zamknięcia'!$D$5 -> 51.257722 | G12: =ABS('II rok - obstawienia'!G12)+'II rok - obstawienia'!G12*'Ceny otwarcia i zamknięcia'!$D$6 -> 44.716988 | H12: =ABS('II rok - obstawienia'!H12)+'II rok - obstawienia'!H12*'Ceny otwarcia i zamknięcia'!$D$7 -> 0 | I12: =ABS('II rok - obstawienia'!I12)+'II rok - obstawienia'!I12*'Ceny otwarcia i zamknięcia'!$D$8 -> 0 | J12: {=100-SUM(ABS('II rok - obstawienia'!F12:I12))} -> 0 | L12: =SUM(F12:J12) -> 95.97471 | M12: =RANK(L12,$L$4:$L$17,0) -> 12
A13: Grupa J | B13: Szymon Skierkowski | C13: Filip Schindler | D13: Konrad Jarosz | F13: =ABS('II rok - obstawienia'!F13)+'II rok - obstawienia'!F13*'Ceny otwarcia i zamknięcia'!$D$5 -> 71.76081 | G13: =ABS('II rok - obstawienia'!G13)+'II rok - obstawienia'!G13*'Ceny otwarcia i zamknięcia'!$D$6 -> 26.830193 | H13: =ABS('II rok - obstawienia'!H13)+'II rok - obstawienia'!H13*'Ceny otwarcia i zamknięcia'!$D$7 -> 0 | I13: =ABS('II rok - obstawienia'!I13)+'II rok - obstawienia'!I13*'Ceny otwarcia i zamknięcia'!$D$8 -> 0 | J13: {=100-SUM(ABS('II rok - obstawienia'!F13:I13))} -> 0 | L13: =SUM(F13:J13) -> 98.591003 | M13: =RANK(L13,$L$4:$L$17,0) -> 7
A14: Grupa K | B14: Ewelina Lisak | C14: Martyna Pinda | D14: Bartłomiej Zwierzchowski | F14: =ABS('II rok - obstawienia'!F14)+'II rok - obstawienia'!F14*'Ceny otwarcia i zamknięcia'!$D$5 -> 51.257722 | G14: =ABS('II rok - obstawienia'!G14)+'II rok - obstawienia'!G14*'Ceny otwarcia i zamknięcia'!$D$6 -> 55.283012 | H14: =ABS('II rok - obstawienia'!H14)+'II rok - obstawienia'!H14*'Ceny otwarcia i zamknięcia'!$D$7 -> 0 | I14: =ABS('II rok - obstawienia'!I14)+'II rok - obstawienia'!I14*'Ceny otwarcia i zamknięcia'!$D$8 -> 0 | J14: {=100-SUM(ABS('II rok - obstawienia'!F14:I14))} -> 0 | L14: =SUM(F14:J14) -> 106.54073 | M14: =RANK(L14,$L$4:$L$17,0) -> 1
A15: Grupa L | B15: Szymon Dzwonnik | C15: Kamil Dziekan | D15: Michał Bartos | F15: =ABS('II rok - obstawienia'!F15)+'II rok - obstawienia'!F15*'Ceny otwarcia i zamknięcia'!$D$5 -> 51.257722 | G15: =ABS('II rok - obstawienia'!G15)+'II rok - obstawienia'!G15*'Ceny otwarcia i zamknięcia'!$D$6 -> 55.283012 | H15: =ABS('II rok - obstawienia'!H15)+'II rok - obstawienia'!H15*'Ceny otwarcia i zamknięcia'!$D$7 -> 0 | I15: =ABS('II rok - obstawienia'!I15)+'II rok - obstawienia'!I15*'Ceny otwarcia i zamknięcia'!$D$8 -> 0 | J15: {=100-SUM(ABS('II rok - obstawienia'!F15:I15))} -> 0 | L15: =SUM(F15:J15) -> 106.54073 | M15: =RANK(L15,$L$4:$L$17,0) -> 1
A16: Grupa M | B16: Urszula Jemioło | C16: Natalia Obara | D16: Weronika Lewoń | F16: =ABS('II rok - obstawienia'!F16)+'II rok - obstawienia'!F16*'Ceny otwarcia i zamknięcia'!$D$5 -> 41.006177 | G16: =ABS('II rok - obstawienia'!G16)+'II rok - obstawienia'!G16*'Ceny otwarcia i zamknięcia'!$D$6 -> 44.226409 | H16: =ABS('II rok - obstawienia'!H16)+'II rok - obstawienia'!H16*'Ceny otwarcia i zamknięcia'!$D$7 -> 0 | I16: =ABS('II rok - obstawienia'!I16)+'II rok - obstawienia'!I16*'Ceny otwarcia i zamknięcia'!$D$8 -> 0 | J16: {=100-SUM(ABS('II rok - obstawienia'!F16:I16))} -> 20 | L16: =SUM(F16:J16) -> 105.23259 | M16: =RANK(L16,$L$4:$L$17,0) -> 4
A17: Grupa N | B17: Błażej Niewiarowski | C17: Natalia Rogowska | F17: =ABS('II rok - obstawienia'!F17)+'II rok - obstawienia'!F17*'Ceny otwarcia i zamknięcia'!$D$5 -> 97.484557 | G17: =ABS('II rok - obstawienia'!G17)+'II rok - obstawienia'!G17*'Ceny otwarcia i zamknięcia'!$D$6 -> 0 | H17: =ABS('II rok - obstawienia'!H17)+'II rok - obstawienia'!H17*'Ceny otwarcia i zamknięcia'!$D$7 -> 0 | I17: =ABS('II rok - obstawienia'!I17)+'II rok - obstawienia'!I17*'Ceny otwarcia i zamknięcia'!$D$8 -> 0 | J17: {=100-SUM(ABS('II rok - obstawienia'!F17:I17))} -> 0 | L17: =SUM(F17:J17) -> 97.484557 | M17: =RANK(L17,$L$4:$L$17,0) -> 10
A20: Tydzień | B20: 23.03 - 27.03
A21: Numer Grupy | B21: Osoba 1 | C21: Osoba 2 | D21: Osoba 3 | F21: ^SPX | G21: XAUUSD | H21: 10YUSY.B | I21: EURUSD | J21: wolne środki | L21: stan portfela | M21: miejsce
A22: Grupa A | B22: Glib Radchenko | C22: Oliwer Mamak | D22: Piotr Mycek | F22: =ABS('II rok - obstawienia'!F22)+'II rok - obstawienia'!F22*'Ceny otwarcia i zamknięcia'!$D$13 -> 30.940432 | G22: =ABS('II rok - obstawienia'!G22)+'II rok - obstawienia'!G22*'Ceny otwarcia i zamknięcia'!$D$14 -> 0 | H22: =ABS('II rok - obstawienia'!H22)+'II rok - obstawienia'!H22*'Ceny otwarcia i zamknięcia'!$D$15 -> 15.136612 | I22: =ABS('II rok - obstawienia'!I22)+'II rok - obstawienia'!I22*'Ceny otwarcia i zamknięcia'!$D$16 -> 15.062552 | J22: {=L4-SUM(ABS('II rok - obstawienia'!F22:I22))} -> 33.358417 | L22: =SUM(F22:J22) -> 94.498013 | M22: =RANK(L22,$L$22:$L$35,0) -> 11
A23: Grupa B | B23: Jakub Jakóbczyk | C23: Michał Klim | D23: Patryk Kubisiak | F23: =ABS('II rok - obstawienia'!F23)+'II rok - obstawienia'!F23*'Ceny otwarcia i zamknięcia'!$D$13 -> 50.597919 | G23: =ABS('II rok - obstawienia'!G23)+'II rok - obstawienia'!G23*'Ceny otwarcia i zamknięcia'!$D$14 -> 49.107877 | H23: =ABS('II rok - obstawienia'!H23)+'II rok - obstawienia'!H23*'Ceny otwarcia i zamknięcia'!$D$15 -> 0 | I23: =ABS('II rok - obstawienia'!I23)+'II rok - obstawienia'!I23*'Ceny otwarcia i zamknięcia'!$D$16 -> 0 | J23: {=L5-SUM(ABS('II rok - obstawienia'!F23:I23))} -> 0.0024128568 | L23: =SUM(F23:J23) -> 99.708209 | M23: =RANK(L23,$L$22:$L$35,0) -> 8
A24: Grupa C | B24: Adrian Pikulski | C24: Mikołaj Stąsiek | D24: Jakub Noga | F24: =ABS('II rok - obstawienia'!F24)+'II rok - obstawienia'!F24*'Ceny otwarcia i zamknięcia'!$D$13 -> 53.939486 | G24: =ABS('II rok - obstawienia'!G24)+'II rok - obstawienia'!G24*'Ceny otwarcia i zamknięcia'!$D$14 -> 0 | H24: =ABS('II rok - obstawienia'!H24)+'II rok - obstawienia'!H24*'Ceny otwarcia i zamknięcia'!$D$15 -> 0 | I24: =ABS('II rok - obstawienia'!I24)+'II rok - obstawienia'!I24*'Ceny otwarcia i zamknięcia'!$D$16 -> 52.0819 | J24: {=L6-SUM(ABS('II rok - obstawienia'!F24:I24))} -> 0.009123144 | L24: =SUM(F24:J24) -> 106.03051 | M24: =RANK(L24,$L$22:$L$35,0) -> 5
A25: Grupa D | B25: Krzysztof Warych | C25: Dominika Różalska | D25: Bartłomiej Rzekęć | F25: =ABS('II rok - obstawienia'!F25)+'II rok - obstawienia'!F25*'Ceny otwarcia i zamknięcia'!$D$13 -> 48.112371 | G25: =ABS('II rok - obstawienia'!G25)+'II rok - obstawienia'!G25*'Ceny otwarcia i zamknięcia'!$D$14 -> 45.955109 | H25: =ABS('II rok - obstawienia'!H25)+'II rok - obstawienia'!H25*'Ceny otwarcia i zamknięcia'!$D$15 -> 0 | I25: =ABS('II rok - obstawienia'!I25)+'II rok - obstawienia'!I25*'Ceny otwarcia i zamknięcia'!$D$16 -> 0 | J25: {=L7-SUM(ABS('II rok - obstawienia'!F25:I25))} -> 0.0042085576 | L25: =SUM(F25:J25) -> 94.071688 | M25: =RANK(L25,$L$22:$L$35,0) -> 13
A26: Grupa E | B26: Alicja Lechowicz | C26: Patrycja Mach | D26: Leon Bugaj | F26: =ABS('II rok - obstawienia'!F26)+'II rok - obstawienia'!F26*'Ceny otwarcia i zamknięcia'!$D$13 -> 72.19434 | G26: =ABS('II rok - obstawienia'!G26)+'II rok - obstawienia'!G26*'Ceny otwarcia i zamknięcia'!$D$14 -> 0 | H26: =ABS('II rok - obstawienia'!H26)+'II rok - obstawienia'!H26*'Ceny otwarcia i zamknięcia'!$D$15 -> 0 | I26: =ABS('II rok - obstawienia'!I26)+'II rok - obstawienia'!I26*'Ceny otwarcia i zamknięcia'!$D$16 -> 20.083403 | J26: {=L8-SUM(ABS('II rok - obstawienia'!F26:I26))} -> 8.5910033 | L26: =SUM(F26:J26) -> 100.86875 | M26: =RANK(L26,$L$22:$L$35,0) -> 7
A27: Grupa F | B27: Jakub Wiącek | C27: Bartłomiej Karwacki | D27: Filip Grygierczyk | F27: =ABS('II rok - obstawienia'!F27)+'II rok - obstawienia'!F27*'Ceny otwarcia i zamknięcia'!$D$13 -> 20.626954 | G27: =ABS('II rok - obstawienia'!G27)+'II rok - obstawienia'!G27*'Ceny otwarcia i zamknięcia'!$D$14 -> 20.019518 | H27: =ABS('II rok - obstawienia'!H27)+'II rok - obstawienia'!H27*'Ceny otwarcia i zamknięcia'!$D$15 -> 50.455373 | I27: =ABS('II rok - obstawienia'!I27)+'II rok - obstawienia'!I27*'Ceny otwarcia i zamknięcia'!$D$16 -> 9.9582984 | J27: {=L9-SUM(ABS('II rok - obstawienia'!F27:I27))} -> 4.2393366 | L27: =SUM(F27:J27) -> 105.29948 | M27: =RANK(L27,$L$22:$L$35,0) -> 6
A28: Grupa G | B28: Angela Chiocchi | C28: Małgorzata Guzik | D28: Łukasz Janiewicz | F28: =ABS('II rok - obstawienia'!F28)+'II rok - obstawienia'!F28*'Ceny otwarcia i zamknięcia'!$D$13 -> 51.567386 | G28: =ABS('II rok - obstawienia'!G28)+'II rok - obstawienia'!G28*'Ceny otwarcia i zamknięcia'!$D$14 -> 50.048795 | H28: =ABS('II rok - obstawienia'!H28)+'II rok - obstawienia'!H28*'Ceny otwarcia i zamknięcia'!$D$15 -> 0 | I28: =ABS('II rok - obstawienia'!I28)+'II rok - obstawienia'!I28*'Ceny otwarcia i zamknięcia'!$D$16 -> 0 | J28: {=L10-SUM(ABS('II rok - obstawienia'!F28:I28))} -> 6.5407334 | L28: =SUM(F28:J28) -> 108.15691 | M28: =RANK(L28,$L$22:$L$35,0) -> 1
A29: Grupa H | B29: Karina Kozik | C29: Jakub Burek | F29: =ABS('II rok - obstawienia'!F29)+'II rok - obstawienia'!F29*'Ceny otwarcia i zamknięcia'!$D$13 -> 93.620243 | G29: =ABS('II rok - obstawienia'!G29)+'II rok - obstawienia'!G29*'Ceny otwarcia i zamknięcia'!$D$14 -> 0 | H29: =ABS('II rok - obstawienia'!H29)+'II rok - obstawienia'!H29*'Ceny otwarcia i zamknięcia'!$D$15 -> 0 | I29: =ABS('II rok - obstawienia'!I29)+'II rok - obstawienia'!I29*'Ceny otwarcia i zamknięcia'!$D$16 -> 0 | J29: {=L11-SUM(ABS('II rok - obstawienia'!F29:I29))} -> 0.0042860963 | L29: =SUM(F29:J29) -> 93.624529 | M29: =RANK(L29,$L$22:$L$35,0) -> 14
A30: Grupa I | B30: Maja Płonka | C30: Julia Majdak | D30: Igor Sikora | F30: =ABS('II rok - obstawienia'!F30)+'II rok - obstawienia'!F30*'Ceny otwarcia i zamknięcia'!$D$13 -> 0 | G30: =ABS('II rok - obstawienia'!G30)+'II rok - obstawienia'!G30*'Ceny otwarcia i zamknięcia'!$D$14 -> 95.876343 | H30: =ABS('II rok - obstawienia'!H30)+'II rok - obstawienia'!H30*'Ceny otwarcia i zamknięcia'!$D$15 -> 0 | I30: =ABS('II rok - obstawienia'!I30)+'II rok - obstawienia'!I30*'Ceny otwarcia i zamknięcia'!$D$16 -> 0 | J30: {=L12-SUM(ABS('II rok - obstawienia'!F30:I30))} -> 0.004709969 | L30: =SUM(F30:J30) -> 95.881053 | M30: =RANK(L30,$L$22:$L$35,0) -> 10
A31: Grupa J | B31: Szymon Skierkowski | C31: Filip Schindler | D31: Konrad Jarosz | F31: =ABS('II rok - obstawienia'!F31)+'II rok - obstawienia'!F31*'Ceny otwarcia i zamknięcia'!$D$13 -> 56.753337 | G31: =ABS('II rok - obstawienia'!G31)+'II rok - obstawienia'!G31*'Ceny otwarcia i zamknięcia'!$D$14 -> 39.960964 | H31: =ABS('II rok - obstawienia'!H31)+'II rok - obstawienia'!H31*'Ceny otwarcia i zamknięcia'!$D$15 -> 0 | I31: =ABS('II rok - obstawienia'!I31)+'II rok - obstawienia'!I31*'Ceny otwarcia i zamknięcia'!$D$16 -> 0 | J31: {=L13-SUM(ABS('II rok - obstawienia'!F31:I31))} -> 0.0010033434 | L31: =SUM(F31:J31) -> 96.715305 | M31: =RANK(L31,$L$22:$L$35,0) -> 9
A32: Grupa K | B32: Ewelina Lisak | C32: Martyna Pinda | D32: Bartłomiej Zwierzchowski | F32: =ABS('II rok - obstawienia'!F32)+'II rok - obstawienia'!F32*'Ceny otwarcia i zamknięcia'!$D$13 -> 41.253909 | G32: =ABS('II rok - obstawienia'!G32)+'II rok - obstawienia'!G32*'Ceny otwarcia i zamknięcia'!$D$14 -> 60.058554 | H32: =ABS('II rok - obstawienia'!H32)+'II rok - obstawienia'!H32*'Ceny otwarcia i zamknięcia'!$D$15 -> 0 | I32: =ABS('II rok - obstawienia'!I32)+'II rok - obstawienia'!I32*'Ceny otwarcia i zamknięcia'!$D$16 -> 6.5127271 | J32: {=L14-SUM(ABS('II rok - obstawienia'!F32:I32))} -> 0.00073343619 | L32: =SUM(F32:J32) -> 107.82592 | M32: =RANK(L32,$L$22:$L$35,0) -> 2
A33: Grupa L | B33: Szymon Dzwonnik | C33: Kamil Dziekan | D33: Michał Bartos | F33: =ABS('II rok - obstawienia'!F33)+'II rok - obstawienia'!F33*'Ceny otwarcia i zamknięcia'!$D$13 -> 0 | G33: =ABS('II rok - obstawienia'!G33)+'II rok - obstawienia'!G33*'Ceny otwarcia i zamknięcia'!$D$14 -> 20.019518 | H33: =ABS('II rok - obstawienia'!H33)+'II rok - obstawienia'!H33*'Ceny otwarcia i zamknięcia'!$D$15 -> 0 | I33: =ABS('II rok - obstawienia'!I33)+'II rok - obstawienia'!I33*'Ceny otwarcia i zamknięcia'!$D$16 -> 0 | J33: {=L15-SUM(ABS('II rok - obstawienia'!F33:I33))} -> 86.540733 | L33: =SUM(F33:J33) -> 106.56025 | M33: =RANK(L33,$L$22:$L$35,0) -> 4
A34: Grupa M | B34: Urszula Jemioło | C34: Natalia Obara | D34: Weronika Lewoń | F34: =ABS('II rok - obstawienia'!F34)+'II rok - obstawienia'!F34*'Ceny otwarcia i zamknięcia'!$D$13 -> 51.567386 | G34: =ABS('II rok - obstawienia'!G34)+'II rok - obstawienia'!G34*'Ceny otwarcia i zamknięcia'!$D$14 -> 50.048795 | H34: =ABS('II rok - obstawienia'!H34)+'II rok - obstawienia'!H34*'Ceny otwarcia i zamknięcia'!$D$15 -> 0 | I34: =ABS('II rok - obstawienia'!I34)+'II rok - obstawienia'!I34*'Ceny otwarcia i zamknięcia'!$D$16 -> 0 | J34: {=L16-SUM(ABS('II rok - obstawienia'!F34:I34))} -> 5.2325867 | L34: =SUM(F34:J34) -> 106.84877 | M34: =RANK(L34,$L$22:$L$35,0) -> 3
A35: Grupa N | B35: Błażej Niewiarowski | C35: Natalia Rogowska | F35: =ABS('II rok - obstawienia'!F35)+'II rok - obstawienia'!F35*'Ceny otwarcia i zamknięcia'!$D$13 -> 94.424224 | G35: =ABS('II rok - obstawienia'!G35)+'II rok - obstawienia'!G35*'Ceny otwarcia i zamknięcia'!$D$14 -> 0 | H35: =ABS('II rok - obstawienia'!H35)+'II rok - obstawienia'!H35*'Ceny otwarcia i zamknięcia'!$D$15 -> 0 | I35: =ABS('II rok - obstawienia'!I35)+'II rok - obstawienia'!I35*'Ceny otwarcia i zamknięcia'!$D$16 -> 0 | J35: {=L17-SUM(ABS('II rok - obstawienia'!F35:I35))} -> 0.0045565949 | L35: =SUM(F35:J35) -> 94.428781 | M35: =RANK(L35,$L$22:$L$35,0) -> 12

Sheet Ranking wspólny
A2: Numer Grupy | B2: Osoba 1 | C2: Osoba 2 | D2: Osoba 3 | E2: ROK | F2: wynik portfela | G2: Miejsce
A3: Grupa G | B3: Angela Chiocchi | C3: Małgorzata Guzik | D3: Łukasz Janiewicz | E3: 2 | F3: 108.15691 | G3: =RANK(F3,$F$3:$F$31,0) -> 1
A4: Grupa K | B4: Ewelina Lisak | C4: Martyna Pinda | D4: Bartłomiej Zwierzchowski | E4: 2 | F4: 107.82592 | G4: =RANK(F4,$F$3:$F$31,0) -> 2
A5: Grupa M | B5: Urszula Jemioło | C5: Natalia Obara | D5: Weronika Lewoń | E5: 2 | F5: 106.84877 | G5: =RANK(F5,$F$3:$F$31,0) -> 3
A6: Grupa L | B6: Szymon Dzwonnik | C6: Kamil Dziekan | D6: Michał Bartos | E6: 2 | F6: 106.56025 | G6: =RANK(F6,$F$3:$F$31,0) -> 4
A7: Grupa C | B7: Adrian Pikulski | C7: Mikołaj Stąsiek | D7: Jakub Noga | E7: 2 | F7: 106.03051 | G7: =RANK(F7,$F$3:$F$31,0) -> 5
A8: Grupa 10 | B8: Szymon Zabawa | C8: Dawid Żuk | D8: Janusz Trześniowski | E8: 1 | F8: 105.42342 | G8: =RANK(F8,$F$3:$F$31,0) -> 6
A9: Grupa F | B9: Jakub Wiącek | C9: Bartłomiej Karwacki | D9: Filip Grygierczyk | E9: 2 | F9: 105.29948 | G9: =RANK(F9,$F$3:$F$31,0) -> 7
A10: Grupa 11 | B10: Jakub Fronc | C10: Patryk Siejka | D10: Dominik Olwiński | E10: 1 | F10: 104.03688 | G10: =RANK(F10,$F$3:$F$31,0) -> 8
A11: Grupa 4 | B11: Hubert Ciechanowski | C11: Daria Bors | D11: Filip Krotowski | E11: 1 | F11: 103.78071 | G11: =RANK(F11,$F$3:$F$31,0) -> 9
A12: Grupa 3 | B12: Dominik Skwarczek | C12: Szymon Taźbirek | D12: Marcel Skorodzień | E12: 1 | F12: 103.76845 | G12: =RANK(F12,$F$3:$F$31,0) -> 10
A13: Grupa 13 | B13: Wiktor Hussakowski | C13: Antoni Bulsiewicz | D13: Jędrzej Jackowski | E13: 1 | F13: 103.36915 | G13: =RANK(F13,$F$3:$F$31,0) -> 11
A14: Grupa 12 | B14: Dominik Ryk | C14: Natalia Rzeszutek | E14: 1 | F14: 102.78567 | G14: =RANK(F14,$F$3:$F$31,0) -> 12
A15: Grupa 7 | B15: Mateusz Śmiech | C15: Piotr Wieczorek | D15: Maks Widła | E15: 1 | F15: 102.05206 | G15: =RANK(F15,$F$3:$F$31,0) -> 13
A16: Grupa 1 | B16: Kacper Cieślak | C16: Piotr Sarniak | E16: 1 | F16: 100.95125 | G16: =RANK(F16,$F$3:$F$31,0) -> 14
A17: Grupa E | B17: Alicja Lechowicz | C17: Patrycja Mach | D17: Leon Bugaj | E17: 2 | F17: 100.86875 | G17: =RANK(F17,$F$3:$F$31,0) -> 15
A18: Grupa 2 | B18: Stanisław Magiera | C18: Jonasz Krynicki | D18: Adrian Czerwiecki | E18: 1 | F18: 100.15477 | G18: =RANK(F18,$F$3:$F$31,0) -> 16
A19: Grupa B | B19: Jakub Jakóbczyk | C19: Michał Klim | D19: Patryk Kubisiak | E19: 2 | F19: 99.708209 | G19: =RANK(F19,$F$3:$F$31,0) -> 17
A20: Grupa 8 | B20: Maciej Haspel | C20: Nikodem Greń | D20: Aleksandra Araś | E20: 1 | F20: 99.21208 | G20: =RANK(F20,$F$3:$F$31,0) -> 18
A21: Grupa 9 | B21: Patryk Ulicki | C21: Matti Saarela | D21: Mikołaj Smółka | E21: 1 | F21: 99.005115 | G21: =RANK(F21,$F$3:$F$31,0) -> 19
A22: Grupa 6 | B22: Bartłomiej Richter | C22: Krzysztof Paś | D22: Mateusz Ryska | E22: 1 | F22: 98.017145 | G22: =RANK(F22,$F$3:$F$31,0) -> 20
A23: Grupa 5 | B23: Magdalena Jamróz | C23: Magdalena Depta | D23: Małgorzata Abram | E23: 1 | F23: 97.859985 | G23: =RANK(F23,$F$3:$F$31,0) -> 21
A24: Grupa 15 | B24: Stefan Monetti | C24: Kateryna Yerchyk | E24: 1 | F24: 96.953299 | G24: =RANK(F24,$F$3:$F$31,0) -> 22
A25: Grupa J | B25: Szymon Skierkowski | C25: Filip Schindler | D25: Konrad Jarosz | E25: 2 | F25: 96.715305 | G25: =RANK(F25,$F$3:$F$31,0) -> 23
A26: Grupa 14 | B26: Tomasz Kaczorowski | C26: Jakub Czyszczon | E26: 1 | F26: 95.920984 | G26: =RANK(F26,$F$3:$F$31,0) -> 24
A27: Grupa I | B27: Maja Płonka | C27: Julia Majdak | D27: Igor Sikora | E27: 2 | F27: 95.881053 | G27: =RANK(F27,$F$3:$F$31,0) -> 25
A28: Grupa A | B28: Glib Radchenko | C28: Oliwer Mamak | D28: Piotr Mycek | E28: 2 | F28: 94.498013 | G28: =RANK(F28,$F$3:$F$31,0) -> 26
A29: Grupa N | B29: Błażej Niewiarowski | C29: Natalia Rogowska | E29: 2 | F29: 94.428781 | G29: =RANK(F29,$F$3:$F$31,0) -> 27
A30: Grupa D | B30: Krzysztof Warych | C30: Dominika Różalska | D30: Bartłomiej Rzekęć | E30: 2 | F30: 94.071688 | G30: =RANK(F30,$F$3:$F$31,0) -> 28
A31: Grupa H | B31: Karina Kozik | C31: Jakub Burek | E31: 2 | F31: 93.624529 | G31: =RANK(F31,$F$3:$F$31,0) -> 29
